{"train_loss": 4.974447612762451, "_runtime": 197, "_timestamp": 1642002608, "_step": 19, "acc": 0.4898336414048059, "_wandb": {"runtime": 197}}