{"micro_iou": 0.5052895065823092, "macro_iou": 0.562818178652433, "precision": 0.8811692126909518, "recall": 0.6934057677859331, "hmean": 0.7760923703871406, "epoch": 1}
{"micro_iou": 0.4937876859727366, "macro_iou": 0.5680710461256502, "precision": 0.8166170382743845, "recall": 0.6498295093336416, "hmean": 0.7237384140061792, "epoch": 2}
{"micro_iou": 0.5489578032711547, "macro_iou": 0.6189905721698632, "precision": 0.868468210164146, "recall": 0.7002253944402704, "hmean": 0.7753247584309209, "epoch": 3}
{"micro_iou": 0.5539694086537194, "macro_iou": 0.6224681534864484, "precision": 0.8000263643553915, "recall": 0.7014968502571808, "hmean": 0.7475288683602772, "epoch": 4}
{"micro_iou": 0.5311824579972134, "macro_iou": 0.603025049163021, "precision": 0.8371683906832735, "recall": 0.6875686297173901, "hmean": 0.7550295106936601, "epoch": 5}
{"micro_iou": 0.5517299604186642, "macro_iou": 0.6192496060123109, "precision": 0.8522157190635451, "recall": 0.7068716407559382, "hmean": 0.7727689148633706, "epoch": 6}
{"micro_iou": 0.5503170599095899, "macro_iou": 0.6180655179816188, "precision": 0.8663584637268847, "recall": 0.7039819684447783, "hmean": 0.7767751809457002, "epoch": 7}
{"micro_iou": 0.5440429860641205, "macro_iou": 0.6192064014314045, "precision": 0.8357707648170177, "recall": 0.6902849216898803, "hmean": 0.7560929290371591, "epoch": 8}
{"micro_iou": 0.5488854518877847, "macro_iou": 0.621118149386485, "precision": 0.8479528056745558, "recall": 0.6977980696988961, "hmean": 0.7655823980724114, "epoch": 9}
{"micro_iou": 0.5270046117111366, "macro_iou": 0.6003317419222082, "precision": 0.8426966292134831, "recall": 0.67618332081142, "hmean": 0.7503126302626093, "epoch": 10}
{"micro_iou": 0.545114615598402, "macro_iou": 0.6141111686938125, "precision": 0.8549808156885036, "recall": 0.695428538403745, "hmean": 0.7669949325939381, "epoch": 11}
{"micro_iou": 0.5503045713571479, "macro_iou": 0.6220510302446551, "precision": 0.8540536733112629, "recall": 0.7007455354562793, "hmean": 0.7698412698412699, "epoch": 12}
{"micro_iou": 0.5244865347029586, "macro_iou": 0.5909407675068471, "precision": 0.8848219766728054, "recall": 0.6664162283996995, "hmean": 0.7602439426405142, "epoch": 13}
{"micro_iou": 0.5446873226907586, "macro_iou": 0.6190506036758511, "precision": 0.8442228575413151, "recall": 0.6997052534242617, "hmean": 0.7652003539375553, "epoch": 14}
{"micro_iou": 0.5403671938579506, "macro_iou": 0.6106227668101791, "precision": 0.8511657392406846, "recall": 0.6983760041611281, "hmean": 0.7672380952380953, "epoch": 15}
{"micro_iou": 0.5330002167176536, "macro_iou": 0.6053983291608525, "precision": 0.8592480770613183, "recall": 0.6908050627058892, "hmean": 0.76587428717883, "epoch": 16}
{"micro_iou": 0.5343485660715602, "macro_iou": 0.6038469020042889, "precision": 0.894155299855216, "recall": 0.6781482979830087, "hmean": 0.7713140077565239, "epoch": 17}
{"micro_iou": 0.5731721466795643, "macro_iou": 0.6407868306596011, "precision": 0.8521656612214464, "recall": 0.7265792059180489, "hmean": 0.7843773396556029, "epoch": 18}
{"micro_iou": 0.5750165897763978, "macro_iou": 0.64440050026328, "precision": 0.8422351136894045, "recall": 0.7299890192452176, "hmean": 0.7821052631578947, "epoch": 19}
{"micro_iou": 0.5343024631607723, "macro_iou": 0.6084187751840485, "precision": 0.8476740867579908, "recall": 0.6866439345778189, "hmean": 0.7587087710335579, "epoch": 20}
{"micro_iou": 0.5510272529462017, "macro_iou": 0.6211782724041853, "precision": 0.8506330875191318, "recall": 0.7066404669710454, "hmean": 0.7719796697919626, "epoch": 21}
{"micro_iou": 0.5535792518192698, "macro_iou": 0.6254548243312894, "precision": 0.8476230018683828, "recall": 0.7079119227879559, "hmean": 0.7714933551678529, "epoch": 22}
{"micro_iou": 0.5540178873952656, "macro_iou": 0.6260376595020968, "precision": 0.8526580159062369, "recall": 0.7063514997399295, "hmean": 0.7726396308120239, "epoch": 23}
{"micro_iou": 0.5628947096504018, "macro_iou": 0.6335457416086332, "precision": 0.8525209506800384, "recall": 0.7172744610761139, "hmean": 0.7790715922287436, "epoch": 24}
{"micro_iou": 0.5661976695578438, "macro_iou": 0.6364633076616445, "precision": 0.8499179879715691, "recall": 0.7187192972316939, "hmean": 0.7788320025050884, "epoch": 25}
{"micro_iou": 0.5570651963407512, "macro_iou": 0.6281909693660247, "precision": 0.845572576767191, "recall": 0.7113795295613478, "hmean": 0.7726930320150659, "epoch": 26}
{"micro_iou": 0.5507638201601082, "macro_iou": 0.6221036299679795, "precision": 0.8557374745274401, "recall": 0.7038085881061088, "hmean": 0.7723726771104206, "epoch": 27}
{"micro_iou": 0.5525457542715112, "macro_iou": 0.6240646789039379, "precision": 0.8573436401967673, "recall": 0.7050800439230192, "hmean": 0.7737925348048077, "epoch": 28}
{"micro_iou": 0.5568195865546288, "macro_iou": 0.6299716482800213, "precision": 0.8411234112341124, "recall": 0.7113795295613478, "hmean": 0.7708300717036666, "epoch": 29}
{"micro_iou": 0.5580843299474604, "macro_iou": 0.6305404357038396, "precision": 0.8553612485194733, "recall": 0.7095301392822054, "hmean": 0.7756507455142785, "epoch": 30}
