{"precision": 0.7958535144713526, "recall": 0.6534057677859331, "hmean": 0.777903848024119}
{"precision": 0.8275912838633687, "recall": 0.6497139224411952, "hmean": 0.7279437951241623}
{"precision": 0.8754245248934172, "recall": 0.7001676009940473, "hmean": 0.77804893712671}
{"precision": 0.8127260549229739, "recall": 0.701265676472288, "hmean": 0.7528929978593367}
{"precision": 0.8488156392694064, "recall": 0.6875686297173901, "hmean": 0.7597305150228297}
{"precision": 0.8609742362382092, "recall": 0.7068716407559382, "hmean": 0.7763496143958869}
{"precision": 0.8746948154531093, "recall": 0.7039819684447783, "hmean": 0.7801082327323963}
{"precision": 0.8479943201987931, "recall": 0.6902849216898803, "hmean": 0.7610551803236906}
{"precision": 0.8575792015911351, "recall": 0.697740276252673, "hmean": 0.7694464803543547}
{"precision": 0.8520865195542932, "recall": 0.67618332081142, "hmean": 0.7540117290713412}
{"precision": 0.8639333668413872, "recall": 0.6953707449575218, "hmean": 0.7705411463336536}
{"precision": 0.8655768132495717, "recall": 0.7007455354562793, "hmean": 0.7744881990354828}
{"precision": 0.8897376543209876, "recall": 0.6664162283996995, "hmean": 0.7620526715791561}
{"precision": 0.8567688061708301, "recall": 0.6997052534242617, "hmean": 0.7703124005853536}
{"precision": 0.860254858688688, "recall": 0.6983760041611281, "hmean": 0.770909090909091}
{"precision": 0.8664105537837055, "recall": 0.6908050627058892, "hmean": 0.768706389272967}
{"precision": 0.8983998162468417, "recall": 0.6781482979830087, "hmean": 0.7728889474377552}
{"precision": 0.865720975072304, "recall": 0.7265792059180489, "hmean": 0.7900706991358994}
{"precision": 0.8547743114299249, "recall": 0.7299890192452176, "hmean": 0.7874688279301746}
{"precision": 0.8615038793415996, "recall": 0.6866439345778189, "hmean": 0.7641988808130186}
{"precision": 0.8647712002263244, "recall": 0.7066404669710454, "hmean": 0.777749507028815}
{"precision": 0.8624234316693656, "recall": 0.7079119227879559, "hmean": 0.7775661778708818}
{"precision": 0.8674852721981687, "recall": 0.7063514997399295, "hmean": 0.7786697247706422}
{"precision": 0.8665689149560117, "recall": 0.7172744610761139, "hmean": 0.7848853754940711}
{"precision": 0.8642112578179291, "recall": 0.7187192972316939, "hmean": 0.7847789732748557}
{"precision": 0.8602278286393179, "recall": 0.7113795295613478, "hmean": 0.7787549032013159}
{"precision": 0.8679877396820871, "recall": 0.7037507946598855, "hmean": 0.7772883952508617}
{"precision": 0.8701854493580599, "recall": 0.7050800439230192, "hmean": 0.7789803020144941}
{"precision": 0.8568147013782542, "recall": 0.7113795295613478, "hmean": 0.7773532476554359}
{"precision": 0.868368934785684, "recall": 0.7095301392822054, "hmean": 0.7809548042365064}