{"train_loss": 4.7467333984375, "_runtime": 130, "_timestamp": 1642003526, "_step": 11, "acc": 0.722735674676525, "_wandb": {"runtime": 131}}