{"loss/train_loss": 4.551781663894653, "loss/val_loss": 4.575502600669861, "acc": 0.8835489833641405, "_runtime": 151, "_timestamp": 1642003723, "_step": 6, "_wandb": {"runtime": 151}}