{"train_loss": 4.94569721698761, "_runtime": 149, "_timestamp": 1642003145, "_step": 13, "acc": 0.49722735674676527, "_wandb": {"runtime": 158}}