{"train_loss": 4.599935445785523, "_runtime": 205, "_timestamp": 1642003382, "_step": 19, "acc": 0.8299445471349353, "_wandb": {"runtime": 206}}