{"loss/train_loss": 4.471085554309641, "loss/val_loss": 4.471085556840475, "acc": 1.0, "_runtime": 15934, "_timestamp": 1642064572, "_step": 11, "_wandb": {"runtime": 15935}}